{
  "avg_inference_time_ms": 0.2635478973388672,
  "max_inference_time_ms": 0.5598068237304688,
  "min_inference_time_ms": 0.16498565673828125,
  "avg_memory_mb": 0.0,
  "max_memory_mb": 0.0
}