{
  "avg_inference_time_ms": 1.917579174041748,
  "median_inference_time_ms": 1.7180442810058594,
  "max_inference_time_ms": 6.983041763305664,
  "min_inference_time_ms": 1.500844955444336,
  "std_inference_time_ms": 0.6318952763603255,
  "percentile_95_ms": 2.4958372116088863,
  "percentile_99_ms": 4.132926464080826,
  "model_inference_only_ms": 1.8199968338012695,
  "avg_memory_mb": 0.000390625,
  "max_memory_mb": 0.00390625,
  "current_memory_mb": 58.90625,
  "avg_cpu_percent": 0.6459999999999999,
  "max_cpu_percent": 39.6,
  "throughput_per_sec": 521.4908534348887,
  "overall_throughput_per_sec": 488.993090004815,
  "performance_classification": "\ud83d\ude80 EXCELLENT",
  "num_runs": 100,
  "system_info": {
    "cpu_count": 8,
    "cpu_count_logical": 8,
    "platform": "macOS-15.5-x86_64-i386-64bit",
    "processor": "i386",
    "python_version": "3.11.8",
    "total_memory_gb": 16.0
  },
  "benchmark_duration_sec": 0.20450186729431152,
  "model_status": "functional_with_training_bias",
  "accuracy_note": "Model has training bias - classifies most text as sports",
  "recommended_action": "Model needs retraining with proper data"
}