{
  "loss": [
    0.2849484384059906,
    0.07916709035634995,
    0.036593180149793625,
    0.024127770215272903,
    0.017597990110516548,
    0.01672098971903324,
    0.016716327518224716,
    0.014812304638326168,
    0.011739900335669518,
    0.0041898698545992374,
    0.003034640569239855,
    0.002162270713597536,
    0.001958012580871582
  ],
  "val_loss": [
    0.448332279920578,
    0.14963915944099426,
    0.10755610466003418,
    0.11463610082864761,
    0.11978878080844879,
    0.12826380133628845,
    0.1475578397512436,
    0.15495885908603668,
    0.1309175193309784,
    0.12621159851551056,
    0.12433880567550659,
    0.12367482483386993,
    0.12818892300128937
  ],
  "binary_accuracy": [
    0.8769108057022095,
    0.9714331030845642,
    0.9893949031829834,
    0.9925477504730225,
    0.9949681758880615,
    0.9950637221336365,
    0.9951592087745667,
    0.9954458475112915,
    0.9965605139732361,
    0.9993630647659302,
    0.9995222687721252,
    0.9996178150177002,
    0.9996815323829651
  ],
  "val_binary_accuracy": [
    0.8313805460929871,
    0.9552980065345764,
    0.9638308882713318,
    0.9621752500534058,
    0.9635761380195618,
    0.962557315826416,
    0.9601375460624695,
    0.957717776298523,
    0.9616658091545105,
    0.9638308882713318,
    0.9634488224983215,
    0.963958203792572,
    0.9644676446914673
  ],
  "precision": [
    0.8559778332710266,
    0.9677056670188904,
    0.9873020648956299,
    0.9911828637123108,
    0.9941699504852295,
    0.9936548471450806,
    0.9945420622825623,
    0.9950636029243469,
    0.9959644079208374,
    0.9993273019790649,
    0.999327540397644,
    0.9997009634971619,
    0.9994770288467407
  ],
  "val_precision": [
    0.7403892874717712,
    0.9408071637153625,
    0.9528528451919556,
    0.9491474628448486,
    0.9572208523750305,
    0.9551786780357361,
    0.9518910646438599,
    0.9437798857688904,
    0.9548074007034302,
    0.9605986475944519,
    0.9608442783355713,
    0.9600487947463989,
    0.9617853760719299
  ],
  "recall": [
    0.8550183176994324,
    0.9651744961738586,
    0.9878185391426086,
    0.9913309812545776,
    0.9940213561058044,
    0.9947686791419983,
    0.9940961003303528,
    0.9942455887794495,
    0.9959644079208374,
    0.9991779327392578,
    0.9995515942573547,
    0.9994021654129028,
    0.9997758269309998
  ],
  "val_recall": [
    0.9221212267875671,
    0.9536363482475281,
    0.9615151286125183,
    0.9615151286125183,
    0.9560605883598328,
    0.9557575583457947,
    0.95333331823349,
    0.9563636183738708,
    0.9539393782615662,
    0.9530302882194519,
    0.9518181681632996,
    0.9539393782615662,
    0.95333331823349
  ]
}